cl_depth,cl_size,cl_count
2,1,6543.34507042
2,2,78964.8732394
2,3,44473.1197183
2,4,37364.5070423
2,5,34227.5
2,6,31978.1408451
2,7,32113.1901408
2,8,31751.943662
2,9,31924.3943662
2,10,30697.4647887
2,11,30590.3028169
2,12,29482.3098592
2,13,29283.3239437
2,14,28204.8732394
2,15,27323.028169
2,16,26163.8309859
2,17,24924.5140845
2,18,23723.4929577
2,19,22334.6338028
2,20,22187.8873239
2,21,21235.2887324
2,22,20263.2394366
2,23,19269.4647887
2,24,18625.8591549
2,25,17535.2112676
2,26,16519.5211268
2,27,15679.0140845
2,28,14860.5070423
2,29,14515.7253521
2,30,13880.915493
2,31,13402.2605634
2,32,12878.6478873
2,33,12478.415493
2,34,12376.0
2,35,11668.556338
2,36,11240.1126761
2,37,10777.6830986
2,38,10445.9859155
2,39,9948.29577465
2,40,9904.78873239
2,41,9243.19014085
2,42,9204.21126761
2,43,8913.71830986
2,44,8907.83098592
2,45,8358.5915493
2,46,8259.26760563
2,47,8005.88732394
2,48,7871.32394366
2,49,7611.56338028
2,50,7119.71830986
2,51,7151.85211268
2,52,6985.94366197
2,53,6699.27464789
2,54,6580.01408451
2,55,6384.26056338
2,56,6327.6056338
2,57,6033.16901408
2,58,6042.21126761
2,59,5983.51408451
2,60,5877.88732394
2,61,5688.03521127
2,62,5583.49295775
2,63,5496.52816901
2,64,5305.23943662
2,65,5110.73943662
2,66,5083.3943662
2,67,4802.76760563
2,68,4816.98591549
2,69,4858.18309859
2,70,4572.67605634
2,71,4552.0
2,72,4393.01408451
2,73,4322.42253521
2,74,4278.45070423
2,75,4310.91549296
2,76,4162.87323944
2,77,4174.26760563
2,78,3981.84507042
2,79,3795.33802817
2,80,3958.87323944
2,81,3717.44366197
2,82,3674.98591549
2,83,3644.98591549
2,84,3665.83098592
2,85,3454.47183099
2,86,3361.87323944
2,87,3524.11267606
2,88,3471.66197183
2,89,3385.76056338
2,90,3321.76056338
2,91,3205.50704225
2,92,3140.30985915
2,93,3048.6971831
2,94,3037.78873239
2,95,3036.65492958
2,96,2957.74647887
2,97,2956.45070423
2,98,2786.09859155
2,99,2866.81690141
2,100,2873.94366197
2,101,2775.36619718
2,102,2709.46478873
2,103,2664.94366197
2,104,2626.36619718
2,105,2726.3028169
2,106,2823.92957746
2,107,2726.99295775
2,108,2763.88732394
2,109,2614.46478873
2,110,2492.81690141
2,111,2583.48591549
2,112,2506.5915493
2,113,2510.66901408
2,114,2433.33802817
2,115,2413.38028169
2,116,2276.70422535
2,117,2283.14788732
2,118,2379.11267606
2,119,2270.21830986
2,120,2387.32394366
2,121,2298.14788732
2,122,2238.09859155
2,123,2245.18309859
2,124,2077.43661972
2,125,2134.68309859
2,126,1979.61971831
2,127,1970.28873239
2,128,1946.14084507
2,129,1953.16901408
2,130,1970.14084507
2,131,1897.65492958
2,132,1868.45070423
2,133,1925.69014085
2,134,1893.92957746
2,135,1915.66901408
2,136,1876.22535211
2,137,1853.35915493
2,138,1897.98591549
2,139,1836.36619718
2,140,1853.52112676
2,141,1958.11267606
2,142,1772.0
2,143,1862.02112676
2,144,1783.77464789
2,145,1830.88028169
2,146,1773.5915493
2,147,1691.53521127
2,148,1654.05633803
2,149,1767.01408451
2,150,1696.47887324
2,151,1623.78169014
2,152,1703.04225352
2,153,1734.71830986
2,154,1684.23943662
2,155,1673.34507042
2,156,1614.92957746
2,157,1587.69014085
2,158,1567.76056338
2,159,1697.49295775
2,160,1548.16901408
2,161,1568.04929577
2,162,1497.92957746
2,163,1553.0915493
2,164,1517.57746479
2,165,1564.01408451
2,166,1462.43661972
2,167,1428.9084507
2,168,1426.81690141
2,169,1431.73943662
2,170,1417.46478873
2,171,1337.8943662
2,172,1326.33802817
2,173,1373.03521127
2,174,1387.09859155
2,175,1329.75352113
2,176,1262.98591549
2,177,1287.61267606
2,178,1254.77464789
2,179,1302.5106383
2,180,1248.5915493
2,181,1260.62676056
2,182,1180.43661972
2,183,1162.43661972
2,184,1161.01408451
2,185,1145.17605634
2,186,1191.97183099
2,187,1251.05633803
2,188,1207.43661972
2,189,1130.00704225
2,190,1150.70422535
2,191,1113.71830986
2,192,1113.87234043
2,193,1141.69014085
2,194,1150.33802817
2,195,1104.53571429
2,196,1153.6
2,197,1180.61267606
2,198,1179.51428571
2,199,1182.62857143
2,200,1160.56338028
2,201,1140.42553191
2,202,1118.87943262
2,203,1140.8028169
2,204,1031.49295775
2,205,1074.78571429
2,206,1044.71428571
2,207,1148.85
2,208,1079.82978723
2,209,1042.03546099
2,210,1041.12676056
2,211,1017.58865248
2,212,1105.10638298
2,213,1024.5
2,214,1068.47142857
2,215,1036.87943262
2,216,1080.0
2,217,1010.6
2,218,996.571428571
2,219,965.450704225
2,220,981.418439716
2,221,1016.6
2,222,975.214285714
2,223,882.374100719
2,224,926.84057971
2,225,895.212765957
2,226,966.231884058
2,227,863.90647482
2,228,937.147058824
2,229,826.035714286
2,230,842.76119403
2,231,861.613138686
2,232,799.299270073
2,233,824.854014599
2,234,813.02189781
2,235,848.705035971
2,236,827.735294118
2,237,789.431654676
2,238,804.335766423
2,239,853.81884058
2,240,881.777777778
2,241,797.977777778
2,242,812.686567164
2,243,863.194029851
2,244,779.395683453
2,245,827.31884058
2,246,822.447761194
2,247,772.103703704
2,248,872.525547445
2,249,856.273381295
2,250,873.188405797
2,251,868.423357664
2,252,869.217391304
2,253,798.066176471
2,254,837.259259259
2,255,834.375
2,256,810.029850746
2,257,799.345588235
2,258,870.517985612
2,259,806.81294964
2,260,821.363636364
2,261,832.060150376
2,262,812.970588235
2,263,833.807407407
2,264,732.262773723
2,265,793.02238806
2,266,722.870229008
2,267,714.738461538
2,268,820.242424242
2,269,734.731343284
2,270,815.955882353
2,271,752.328358209
2,272,828.270676692
2,273,696.76119403
2,274,732.09375
2,275,739.0625
2,276,838.866141732
2,277,700.893939394
2,278,808.338461538
2,279,665.795454545
2,280,700.0
2,281,721.307086614
2,282,787.80952381
2,283,717.372093023
2,284,707.746031746
2,285,718.292682927
2,286,686.4
2,287,659.442748092
2,288,696.0
2,289,744.821138211
2,290,699.147286822
2,291,714.696
2,292,731.168
2,293,689.136
2,294,655.666666667
2,295,734.122137405
2,296,693.983193277
2,297,776.409448819
2,298,701.900826446
2,299,712.4609375
2,300,712.5
2,301,729.624
2,302,690.976
2,303,630.047619048
2,304,699.447154472
2,305,701.5
2,306,700.169491525
2,307,671.726495726
2,308,663.751937984
2,309,676.73553719
2,310,680.546875
2,311,706.338983051
2,312,700.677966102
2,313,608.472
2,314,684.162601626
2,315,600.882352941
2,316,669.491525424
2,317,697.4
2,318,653.189189189
2,319,651.869565217
2,320,677.647058824
2,321,728.194444444
2,322,658.122807018
2,323,720.982142857
2,324,661.728813559
2,325,687.723214286
2,326,660.358974359
2,327,651.0
2,328,647.443478261
2,329,658.0
2,330,668.839285714
2,331,621.785046729
2,332,590.222222222
2,333,732.6
2,334,628.882882883
2,335,695.125
2,336,642.526315789
2,337,677.14953271
2,338,636.235294118
2,339,674.740384615
2,340,668.070175439
2,341,648.508928571
2,342,672.206896552
2,343,691.577235772
2,344,682.068965517
2,345,640.714285714
2,346,666.475409836
2,347,640.155172414
2,348,659.368421053
2,349,639.318584071
2,350,649.029126214
2,351,633.053571429
2,352,681.801801802
2,353,641.229357798
2,354,639.798165138
2,355,603.155339806
2,356,678.273684211
2,357,674.333333333
2,358,624.511111111
2,359,707.121212121
2,360,623.571428571
2,361,607.806122449
2,362,530.933333333
2,363,614.307692308
2,364,633.36
2,365,630.141509434
2,366,651.094736842
2,367,614.019230769
2,368,628.0
2,369,659.489361702
2,370,596.774193548
2,371,588.353535354
2,372,606.714285714
2,373,572.686868687
2,374,611.6
2,375,657.303370787
2,376,600.0
2,377,595.903225806
2,378,558.6
2,379,591.921348315
2,380,540.240963855
2,381,606.489795918
2,382,560.543478261
2,383,596.216494845
2,384,642.694736842
2,385,579.712643678
2,386,620.956521739
2,387,645.0
2,388,605.755102041
2,389,574.453488372
2,390,577.040816327
2,391,595.0
2,392,593.939393939
2,393,581.479591837
2,394,619.775280899
2,395,711.0
2,396,548.307692308
2,397,590.41025641
2,398,589.62962963
2,399,635.61627907
2,400,617.283950617
2,401,651.625
2,402,610.265060241
2,403,633.285714286
2,404,616.358974359
2,405,654.230769231
2,406,586.444444444
2,407,648.185185185
2,408,638.4
2,409,620.551724138
2,410,581.627906977
2,411,613.898734177
2,412,664.047058824
2,413,582.435897436
2,414,574.729411765
2,415,600.529411765
2,416,592.347826087
2,417,641.960526316
2,418,656.101265823
2,419,584.394736842
2,420,558.352941176
2,421,612.926470588
2,422,652.181818182
2,423,637.048192771
2,424,601.113924051
2,425,610.256410256
2,426,517.285714286
2,427,586.481927711
2,428,638.898550725
2,429,628.808219178
2,430,579.305555556
2,431,617.378378378
2,432,629.333333333
2,433,552.075
2,434,648.320987654
2,435,609.0
2,436,535.341772152
2,437,619.626865672
2,438,617.692307692
2,439,706.682926829
2,440,580.8
2,441,637.0
2,442,552.5
2,443,601.604938272
2,444,607.235294118
2,445,644.253731343
2,446,594.666666667
2,447,613.028571429
2,448,605.746478873
2,449,649.868421053
2,450,597.945205479
2,451,683.774193548
2,452,678.0
2,453,560.289473684
2,454,653.01369863
2,455,568.75
2,456,613.846153846
2,457,644.295081967
2,458,645.363636364
2,459,679.558441558
2,460,615.692307692
2,461,612.561643836
2,462,611.032258065
2,463,613.475
2,464,598.709677419
2,465,609.527027027
2,466,654.918918919
2,467,733.857142857
2,468,624.0
2,469,584.550724638
2,470,671.428571429
2,471,602.441860465
2,472,600.114285714
2,473,595.327586207
2,474,661.965517241
2,475,655.952380952
2,476,651.368421053
2,477,569.552238806
2,478,637.333333333
2,479,707.776119403
2,480,605.538461538
2,481,662.246376812
2,482,586.782608696
2,483,619.85
2,484,637.266666667
2,485,599.117647059
2,486,605.368421053
2,487,587.75862069
2,488,724.375
2,489,599.716981132
2,490,631.186440678
2,491,682.796875
2,492,612.983606557
2,493,593.425925926
2,494,655.967213115
2,495,716.896551724
2,496,640.0
2,497,678.596153846
2,498,669.1875
2,499,621.396226415
2,500,633.333333333
2,501,656.482758621
2,502,685.423076923
2,503,686.634920635
2,504,696.705882353
2,505,687.361111111
2,506,655.661971831
2,507,631.672131148
2,508,665.018181818
2,509,692.805555556
2,510,633.103448276
2,511,681.333333333
2,512,641.910447761
2,513,623.492307692
2,514,651.678571429
2,515,702.272727273
2,516,661.125
2,517,686.640625
2,518,642.028169014
2,519,730.985915493
2,520,678.260869565
2,521,667.245614035
2,522,643.178571429
2,523,651.95890411
2,524,748.571428571
2,525,690.0
2,526,653.258064516
2,527,610.650793651
2,528,667.764705882
2,529,626.661538462
2,530,709.661016949
2,531,691.142857143
2,532,644.0
2,533,721.6
2,534,674.526315789
2,535,642.0
2,536,729.31147541
2,537,700.434782609
2,538,709.70212766
2,539,663.384615385
2,540,713.898305085
2,541,740.315789474
2,542,719.704918033
2,543,695.421052632
2,544,670.285714286
2,545,673.235294118
2,546,682.5
2,547,668.555555556
2,548,753.5
2,549,671.0
2,550,651.020408163
2,551,715.333333333
2,552,682.472727273
2,553,718.9
2,554,688.032258065
2,555,771.585365854
2,556,794.285714286
2,557,688.654545455
2,558,735.142857143
2,559,755.140350877
2,560,762.75862069
2,561,822.8
2,562,776.581818182
2,563,727.208333333
2,564,678.888888889
2,565,719.090909091
2,566,686.425531915
2,567,668.25
2,568,691.066666667
2,569,794.793650794
2,570,654.444444444
2,571,727.564516129
2,572,730.888888889
2,573,698.34375
2,574,706.461538462
2,575,672.307692308
2,576,670.254545455
2,577,683.851851852
2,578,640.826086957
2,579,679.211538462
2,580,733.87755102
2,581,748.596153846
2,582,642.625
2,583,678.4
2,584,710.533333333
2,585,703.983050847
2,586,729.244444444
2,587,754.714285714
2,588,735.0
2,589,730.36
2,590,770.612244898
2,591,753.235294118
2,592,710.4
2,593,702.814814815
2,594,675.0
2,595,735.0
2,596,667.52
2,597,678.409090909
2,598,665.954545455
2,599,725.105263158
2,600,795.348837209
2,601,690.510638298
2,602,729.346153846
2,603,731.29787234
2,604,729.833333333
2,605,720.238095238
2,606,742.35
2,607,689.027027027
2,608,736.0
2,609,669.9
2,610,732.0
2,611,689.333333333
2,612,710.709677419
2,613,695.837837838
2,614,734.130434783
2,615,758.936170213
2,616,679.179487179
2,617,731.790697674
2,618,700.4
2,619,736.108108108
2,620,740.555555556
2,621,752.727272727
2,622,791.636363636
2,623,751.264705882
2,624,677.485714286
2,625,690.789473684
2,626,678.166666667
2,627,728.675675676
2,628,730.23255814
2,629,721.5
2,630,791.538461538
2,631,823.805555556
2,632,692.19047619
2,633,718.540540541
2,634,777.161290323
2,635,734.21875
2,636,667.024390244
2,637,709.8
2,638,726.611111111
2,639,803.314285714
2,640,707.368421053
2,641,778.357142857
2,642,701.720930233
2,643,712.513513514
2,644,733.444444444
2,645,697.297297297
2,646,753.666666667
2,647,709.612903226
2,648,708.75
2,649,838.291666667
2,650,719.642857143
2,651,744.0
2,652,713.125
2,653,768.235294118
2,654,704.307692308
2,655,703.518518519
2,656,866.857142857
2,657,732.085714286
2,658,744.578947368
2,659,756.62962963
2,660,684.444444444
2,661,793.2
2,662,788.095238095
2,663,761.222222222
2,664,741.209302326
2,665,757.361111111
2,666,766.909090909
2,667,747.04
2,668,835.0
2,669,797.653846154
2,670,861.428571429
2,671,738.1
2,672,811.034482759
2,673,789.034482759
2,674,814.416666667
2,675,736.363636364
2,676,676.0
2,677,789.833333333
2,678,737.823529412
2,679,725.827586207
2,680,705.185185185
2,681,812.806451613
2,682,750.2
2,683,731.785714286
2,684,708.428571429
2,685,818.194444444
2,686,713.44
2,687,801.5
2,688,756.8
2,689,714.518518519
2,690,743.076923077
2,691,912.12
2,692,798.461538462
2,693,831.6
2,694,793.142857143
2,695,794.285714286
2,696,757.411764706
2,697,716.914285714
2,698,855.612903226
2,699,833.423076923
2,700,780.0
2,701,761.956521739
2,702,753.365853659
2,703,811.153846154
2,704,772.129032258
2,705,787.941176471
2,706,796.127659574
2,707,817.46875
2,708,755.2
2,709,899.884615385
2,710,819.230769231
2,711,796.32
2,712,745.904761905
2,713,806.815789474
2,714,793.333333333
2,715,786.5
2,716,790.068965517
2,717,879.954545455
2,718,923.142857143
2,719,748.958333333
2,720,746.666666667
2,721,827.814814815
2,722,770.133333333
2,723,822.724137931
2,724,807.538461538
2,725,747.65625
2,726,839.4375
2,727,727.0
2,728,728.0
2,729,783.0
2,730,906.206896552
2,731,789.48
2,732,759.111111111
2,733,939.15625
2,734,792.72
2,735,866.25
2,736,836.363636364
2,737,921.25
2,738,893.368421053
2,739,844.571428571
2,740,822.222222222
2,741,796.575
2,742,799.076923077
2,743,810.545454545
2,744,855.6
2,745,812.727272727
2,746,865.36
2,747,916.772727273
2,748,831.111111111
2,749,749.0
2,750,780.0
2,751,792.722222222
2,752,882.782608696
2,753,824.714285714
2,754,899.0
2,755,898.80952381
2,756,864.0
2,757,901.19047619
2,758,758.0
2,759,825.0
2,760,760.0
2,761,845.555555556
2,762,795.130434783
2,763,835.666666667
2,764,852.153846154
2,765,817.75862069
2,766,824.923076923
2,767,796.5
2,768,860.16
2,769,859.470588235
2,770,803.47826087
2,771,811.578947368
2,772,845.523809524
2,773,822.870967742
2,774,774.0
2,775,775.0
2,776,827.733333333
2,777,851.0
2,778,778.0
2,779,779.0
2,780,833.793103448
2,781,818.19047619
2,782,782.0
2,783,820.285714286
2,784,952.0
2,785,785.0
2,786,786.0
2,787,826.35
2,788,788.0
2,789,817.178571429
2,790,833.888888889
2,791,843.733333333
2,792,792.0
2,793,906.285714286
2,794,964.142857143
2,795,861.25
2,796,833.904761905
2,797,797.0
2,798,831.25
2,799,868.47826087
2,800,872.727272727
2,801,845.5
2,802,802.0
2,803,926.538461538
2,804,927.692307692
2,805,849.722222222
2,806,876.086956522
2,807,918.310344828
2,808,850.526315789
2,809,1011.25
2,810,810.0
2,811,897.892857143
2,812,882.608695652
2,813,914.625
2,814,895.4
2,815,1041.38888889
2,816,903.428571429
2,817,928.409090909
2,818,818.0
2,819,893.454545455
2,820,851.538461538
2,821,950.631578947
2,822,847.6875
2,823,972.636363636
2,824,895.652173913
2,825,825.0
2,826,921.307692308
2,827,999.291666667
2,828,906.857142857
2,829,1055.09090909
2,830,896.4
2,831,859.655172414
2,832,832.0
2,833,961.153846154
2,834,913.428571429
2,835,931.346153846
2,836,950.0
2,837,970.92
2,838,882.105263158
2,839,873.958333333
2,840,974.4
2,841,917.454545455
2,842,875.68
2,843,892.588235294
2,844,877.76
2,845,845.0
2,846,972.9
2,847,880.88
2,848,938.857142857
2,849,962.2
2,850,991.666666667
2,851,962.0
2,852,892.571428571
2,853,853.0
2,854,888.16
2,855,893.863636364
2,856,856.0
2,857,1120.69230769
2,858,965.25
2,859,973.533333333
2,860,934.782608696
2,861,929.88
2,862,933.833333333
2,863,926.925925926
2,864,939.130434783
2,865,1022.27272727
2,866,866.0
2,867,867.0
2,868,968.153846154
2,869,951.761904762
2,870,911.428571429
2,871,902.107142857
2,872,1038.0952381
2,873,873.0
2,874,926.96969697
2,875,991.666666667
2,876,876.0
2,877,969.315789474
2,878,919.80952381
2,879,930.705882353
2,880,909.333333333
2,881,881.0
2,882,1089.52941176
2,883,1030.16666667
2,884,1044.72727273
2,885,1000.43478261
2,886,1087.36363636
2,887,887.0
2,888,888.0
2,889,966.304347826
2,890,976.129032258
2,891,959.538461538
2,892,1159.6
2,893,893.0
2,894,1043.0
2,895,933.913043478
2,896,936.727272727
2,897,937.772727273
2,898,931.259259259
2,899,998.888888889
2,900,1017.39130435
2,901,970.307692308
2,902,1002.22222222
2,903,950.526315789
2,904,904.0
2,905,941.2
2,906,906.0
2,907,960.352941176
2,908,1008.88888889
2,909,978.923076923
2,910,1112.22222222
2,911,1016.11538462
2,912,953.454545455
2,913,961.052631579
2,914,979.285714286
2,915,985.384615385
2,916,1012.42105263
2,917,967.944444444
2,918,918.0
2,919,919.0
2,920,963.80952381
2,921,956.423076923
2,922,922.0
2,923,1068.73684211
2,924,924.0
2,925,925.0
2,926,992.142857143
2,927,1036.05882353
2,928,1012.36363636
2,929,929.0
2,930,1073.07692308
2,931,931.0
2,932,1079.15789474
2,933,1004.76923077
2,934,1067.42857143
2,935,1105.0
2,936,982.8
2,937,937.0
2,938,938.0
2,939,1056.375
2,940,998.75
2,941,1051.70588235
2,942,942.0
2,943,1037.3
2,944,1038.4
2,945,1039.5
2,946,1024.83333333
2,947,947.0
2,948,1120.36363636
2,949,1095.0
2,950,950.0
2,951,951.0
2,952,1171.69230769
2,953,1005.94444444
2,954,954.0
2,955,955.0
2,956,956.0
2,957,957.0
2,958,1163.28571429
2,959,959.0
2,960,1020.0
2,961,961.0
2,962,1082.25
2,963,963.0
2,964,1032.85714286
2,965,965.0
2,966,1040.30769231
2,967,1054.90909091
2,968,968.0
2,969,969.0
2,970,1044.61538462
2,971,971.0
2,972,1032.75
2,973,973.0
2,974,974.0
2,975,1096.875
2,976,1073.6
2,977,977.0
2,978,978.0
2,979,979.0
2,980,980.0
2,981,981.0
2,982,982.0
2,983,983.0
2,984,984.0
2,985,1149.16666667
2,986,1051.73333333
2,987,1128.0
2,988,988.0
2,989,1054.93333333
2,990,990.0
2,991,991.0
2,992,1157.33333333
2,993,1103.33333333
2,994,1043.7
2,995,1053.52941176
2,996,996.0
2,997,1087.63636364
2,998,998.0
2,999,1089.81818182
2,1000,1111.11111111
2,1001,1001.0
2,1002,1002.0
2,1003,1003.0
2,1004,1004.0
2,1005,1096.36363636
2,1006,1117.77777778
2,1007,1007.0
2,1008,1008.0
2,1009,1009.0
2,1010,1010.0
2,1011,1011.0
2,1012,1012.0
2,1013,1013.0
2,1014,1014.0
2,1015,1249.23076923
2,1016,1195.29411765
2,1017,1017.0
2,1018,1153.73333333
2,1019,1132.22222222
2,1020,1176.92307692
2,1021,1123.1
2,1022,1095.0
2,1023,1023.0
2,1024,1024.0
2,1025,1138.88888889
2,1026,1026.0
2,1027,1027.0
2,1028,1028.0
2,1029,1029.0
2,1030,1030.0
2,1031,1031.0
2,1032,1313.45454545
2,1033,1097.5625
2,1034,1034.0
2,1035,1138.5
2,1036,1036.0
2,1037,1111.07142857
2,1038,1038.0
2,1039,1148.36842105
2,1040,1040.0
2,1041,1041.0
2,1042,1157.77777778
2,1043,1251.6
2,1044,1044.0
2,1045,1045.0
2,1046,1046.0
2,1047,1121.78571429
2,1048,1048.0
2,1049,1110.70588235
2,1050,1137.5
2,1051,1313.75
2,1052,1052.0
2,1053,1053.0
2,1054,1129.28571429
2,1055,1055.0
2,1056,1144.0
2,1057,1127.46666667
2,1058,1128.53333333
2,1059,1176.66666667
2,1060,1148.33333333
2,1061,1061.0
2,1062,1062.0
2,1063,1063.0
2,1064,1064.0
2,1065,1065.0
2,1066,1279.2
2,1067,1067.0
2,1068,1068.0
2,1069,1263.36363636
2,1070,1167.27272727
2,1071,1142.4
2,1072,1072.0
2,1073,1073.0
2,1074,1074.0
2,1075,1151.78571429
2,1076,1076.0
2,1077,1077.0
2,1078,1509.2
2,1079,1079.0
2,1080,1080.0
2,1081,1171.08333333
2,1082,1248.46153846
2,1083,1083.0
2,1084,1084.0
2,1085,1162.5
2,1086,1184.72727273
2,1087,1170.61538462
2,1088,1088.0
2,1089,1089.0
2,1090,1090.0
2,1091,1091.0
2,1092,1092.0
2,1093,1184.08333333
2,1094,1094.0
2,1095,1179.23076923
2,1096,1096.0
2,1097,1097.0
2,1098,1098.0
2,1099,1256.0
2,1100,1100.0
2,1101,1101.0
2,1102,1102.0
2,1103,1103.0
2,1104,1104.0
2,1105,1105.0
2,1106,1185.0
2,1107,1107.0
2,1108,1108.0
2,1109,1194.30769231
2,1110,1110.0
2,1111,1111.0
2,1112,1112.0
2,1113,1224.3
2,1114,1114.0
2,1115,1189.33333333
2,1116,1217.45454545
2,1117,1117.0
2,1118,1118.0
2,1119,1119.0
2,1120,1120.0
2,1121,1121.0
2,1122,1122.0
2,1123,1123.0
2,1124,1124.0
2,1125,1218.75
2,1126,1126.0
2,1127,1229.45454545
2,1128,1230.54545455
2,1129,1209.64285714
2,1130,1130.0
2,1131,1131.0
2,1132,1257.77777778
2,1133,1133.0
2,1134,1134.0
2,1135,1135.0
2,1136,1136.0
2,1137,1137.0
2,1138,1138.0
2,1139,1139.0
2,1140,1140.0
2,1141,1141.0
2,1142,1142.0
2,1143,1143.0
2,1144,1215.5
2,1145,1145.0
2,1146,1146.0
2,1147,1147.0
2,1148,1312.0
2,1149,1253.45454545
2,1150,1150.0
2,1151,1151.0
2,1152,1152.0
2,1153,1153.0
2,1154,1242.76923077
2,1155,1155.0
2,1156,1271.6
2,1157,1367.36363636
2,1158,1323.42857143
2,1159,1159.0
2,1160,1160.0
2,1161,1161.0
2,1162,1162.0
2,1163,1163.0
2,1164,1164.0
2,1165,1281.5
2,1166,1166.0
2,1167,1167.0
2,1168,1168.0
2,1169,1169.0
2,1170,1170.0
2,1171,1171.0
2,1172,1172.0
2,1173,1173.0
2,1174,1174.0
2,1175,1175.0
2,1176,1764.0
2,1177,1177.0
2,1178,1178.0
2,1179,1179.0
2,1180,1180.0
2,1181,1181.0
2,1182,1300.2
2,1183,1183.0
2,1184,1184.0
2,1185,1185.0
2,1186,1317.77777778
2,1187,1305.7
2,1188,1306.8
2,1189,1358.85714286
2,1190,1190.0
2,1191,1191.0
2,1192,1362.28571429
2,1193,1193.0
2,1194,1194.0
2,1195,1365.71428571
2,1196,1196.0
2,1197,1197.0
2,1198,1198.0
2,1199,1199.0
2,1200,1320.0
2,1201,1201.0
2,1202,1202.0
2,1203,1323.3
2,1204,1204.0
2,1205,1205.0
2,1206,1326.6
2,1207,1408.16666667
2,1208,1208.0
2,1209,1309.75
2,1210,1210.0
2,1211,1211.0
2,1212,1212.0
2,1213,1213.0
2,1214,1214.0
2,1215,1301.78571429
2,1216,1216.0
2,1217,1217.0
2,1218,1218.0
2,1219,1219.0
2,1220,1372.5
2,1221,1373.625
2,1222,1298.375
2,1223,1223.0
2,1224,1224.0
2,1225,1225.0
2,1226,1226.0
2,1227,1472.4
2,1228,1304.75
2,1229,1340.72727273
2,1230,1366.66666667
2,1231,1231.0
2,1232,1232.0
2,1233,1233.0
2,1234,1234.0
2,1235,1235.0
2,1236,1236.0
2,1237,1237.0
2,1238,1238.0
2,1239,1239.0
2,1240,1240.0
2,1241,1241.0
2,1242,1242.0
2,1243,1243.0
2,1244,1244.0
2,1245,1245.0
2,1246,1246.0
2,1247,1247.0
2,1248,1248.0
2,1249,1249.0
2,1250,1250.0
2,1251,1251.0
2,1252,1365.81818182
2,1253,1253.0
2,1254,1379.4
2,1255,1255.0
2,1256,1352.61538462
2,1257,1257.0
2,1258,1258.0
2,1259,1259.0
2,1260,1260.0
2,1261,1345.06666667
2,1262,1419.75
2,1263,1368.25
2,1264,1264.0
2,1265,1391.5
2,1266,1266.0
2,1267,1267.0
2,1268,1426.5
2,1269,1269.0
2,1270,1270.0
2,1271,1271.0
2,1272,1272.0
2,1273,1273.0
2,1274,1274.0
2,1275,1471.15384615
2,1276,1276.0
2,1277,1277.0
2,1278,1278.0
2,1279,1406.9
2,1280,1280.0
2,1281,1281.0
2,1282,1282.0
2,1283,1283.0
2,1284,1284.0
2,1285,1285.0
2,1286,1286.0
2,1287,1287.0
2,1288,1405.09090909
2,1289,1289.0
2,1290,1290.0
2,1291,1291.0
2,1292,1292.0
2,1293,1293.0
2,1294,1294.0
2,1295,1295.0
2,1296,1296.0
2,1297,1297.0
2,1298,1442.22222222
2,1299,1299.0
2,1300,1462.5
2,1301,1301.0
2,1302,1302.0
2,1303,1303.0
2,1304,1304.0
2,1305,1305.0
2,1306,1306.0
2,1307,1307.0
2,1308,1408.61538462
2,1309,1309.0
2,1310,1746.66666667
2,1311,1311.0
2,1312,1312.0
2,1313,1477.125
2,1314,1314.0
2,1315,1315.0
2,1316,1316.0
2,1317,1317.0
2,1318,1318.0
2,1319,1319.0
2,1320,1320.0
2,1321,1321.0
2,1322,1322.0
2,1323,1323.0
2,1324,1324.0
2,1325,1545.83333333
2,1326,1326.0
2,1327,1492.875
2,1328,1328.0
2,1329,1329.0
2,1330,1330.0
2,1331,1331.0
2,1332,1522.28571429
2,1333,1333.0
2,1334,1334.0
2,1335,1335.0
2,1336,1336.0
2,1337,1337.0
2,1338,1338.0
2,1339,1339.0
2,1340,1507.5
2,1341,1341.0
2,1342,1342.0
2,1343,1343.0
2,1344,1344.0
2,1345,1345.0
2,1346,1346.0
2,1347,1347.0
2,1348,1348.0
2,1349,1349.0
2,1350,1350.0
2,1351,1351.0
2,1352,1352.0
2,1353,1353.0
2,1354,1354.0
2,1355,1355.0
2,1356,1356.0
2,1357,1357.0
2,1358,1471.16666667
2,1359,1359.0
2,1360,1360.0
2,1361,1361.0
2,1362,1362.0
2,1363,1363.0
2,1364,1364.0
2,1365,1365.0
2,1366,1366.0
2,1367,1367.0
2,1368,1368.0
2,1369,1369.0
2,1370,1370.0
2,1371,1371.0
2,1372,1524.44444444
2,1373,1373.0
2,1374,1374.0
2,1375,1375.0
2,1376,1376.0
2,1377,1482.92307692
2,1378,1607.66666667
2,1379,1532.22222222
2,1380,1380.0
2,1381,1381.0
2,1382,1382.0
2,1383,1383.0
2,1384,1384.0
2,1385,1385.0
2,1386,1386.0
2,1387,1387.0
2,1388,1388.0
2,1389,1389.0
2,1390,1390.0
2,1391,1391.0
2,1392,1392.0
2,1393,1393.0
2,1394,1394.0
2,1395,1395.0
2,1396,1396.0
2,1397,1397.0
2,1398,1597.71428571
2,1399,1632.16666667
2,1400,1400.0
2,1401,1401.0
2,1402,1402.0
2,1403,1403.0
2,1404,1404.0
2,1405,1405.0
2,1406,1406.0
2,1407,1407.0
2,1408,1408.0
2,1409,1409.0
2,1410,1410.0
2,1411,1411.0
2,1412,1412.0
2,1413,1413.0
2,1414,1414.0
2,1415,1415.0
2,1416,1416.0
2,1417,1417.0
2,1418,1418.0
2,1419,1419.0
2,1420,1420.0
2,1421,1550.18181818
2,1422,1706.4
2,1423,1423.0
2,1424,1424.0
2,1425,1425.0
2,1426,1426.0
2,1427,1427.0
2,1428,1428.0
2,1429,1429.0
2,1430,1430.0
2,1431,1788.75
2,1432,1432.0
2,1433,1433.0
2,1434,1434.0
2,1435,1435.0
2,1436,1436.0
2,1437,1642.28571429
2,1438,1438.0
2,1439,1439.0
2,1440,1440.0
2,1441,1441.0
2,1442,1442.0
2,1443,1443.0
2,1444,1444.0
2,1445,1445.0
2,1446,1446.0
2,1447,1447.0
2,1448,1448.0
2,1449,1449.0
2,1450,1450.0
2,1451,1451.0
2,1452,1633.5
2,1453,1453.0
2,1454,1454.0
2,1455,1455.0
2,1456,1456.0
2,1457,1457.0
2,1458,1458.0
2,1459,1459.0
2,1460,1460.0
2,1461,1461.0
2,1462,1462.0
2,1463,1463.0
2,1464,2342.4
2,1465,1465.0
2,1466,1466.0
2,1467,1467.0
2,1468,1468.0
2,1469,1958.66666667
2,1470,1470.0
2,1471,1471.0
2,1472,1472.0
2,1473,1473.0
2,1474,1474.0
2,1475,1475.0
2,1476,1476.0
2,1477,1477.0
2,1478,1478.0
2,1479,1479.0
2,1480,1480.0
2,1481,1481.0
2,1482,1482.0
2,1483,1483.0
2,1484,1607.66666667
2,1485,1485.0
2,1486,1486.0
2,1487,1487.0
2,1488,1488.0
2,1489,1489.0
2,1490,1490.0
2,1491,1863.75
2,1492,1492.0
2,1493,1493.0
2,1494,1494.0
2,1495,1495.0
2,1496,1496.0
2,1497,1796.4
2,1498,1498.0
2,1499,1499.0
2,1500,1500.0
2,1501,1501.0
2,1502,1502.0
2,1503,1503.0
2,1504,1504.0
2,1505,1505.0
2,1506,1506.0
2,1507,1507.0
2,1508,1508.0
2,1509,1886.25
2,1510,1510.0
2,1511,1813.2
2,1512,1512.0
2,1513,1513.0
2,1514,1514.0
2,1515,1515.0
2,1516,1516.0
2,1517,1896.25
2,1518,1518.0
2,1519,1519.0
2,1520,1773.33333333
2,1521,1521.0
2,1522,1522.0
2,1523,1523.0
2,1524,1524.0
2,1525,1525.0
2,1526,1526.0
2,1527,1527.0
2,1528,1528.0
2,1529,1529.0
2,1530,1530.0
2,1531,1531.0
2,1532,1532.0
2,1533,1533.0
2,1534,1534.0
2,1535,1535.0
2,1536,1536.0
2,1537,1537.0
2,1538,1538.0
2,1539,1539.0
2,1540,1540.0
2,1541,1541.0
2,1542,1542.0
2,1543,1543.0
2,1544,1544.0
2,1545,1545.0
2,1546,1546.0
2,1547,1547.0
2,1548,1548.0
2,1549,1549.0
2,1550,1550.0
2,1551,1551.0
2,1552,1552.0
2,1553,1553.0
2,1554,1554.0
2,1555,1555.0
2,1556,1556.0
2,1557,1557.0
2,1558,1558.0
2,1559,1559.0
2,1560,1560.0
2,1561,1561.0
2,1562,1562.0
2,1563,1563.0
2,1564,1564.0
2,1565,1565.0
2,1566,1566.0
2,1567,1567.0
2,1568,1568.0
2,1569,1569.0
2,1570,1570.0
2,1571,1571.0
2,1572,1572.0
2,1573,1966.25
2,1574,1574.0
2,1575,1575.0
2,1576,1576.0
2,1577,1577.0
2,1578,1578.0
2,1579,1579.0
2,1580,1580.0
2,1581,1581.0
2,1582,1582.0
2,1583,1583.0
2,1584,1584.0
2,1585,1585.0
2,1586,1586.0
2,1587,1587.0
2,1588,1588.0
2,1589,1589.0
2,1590,1590.0
2,1591,1591.0
2,1592,1592.0
2,1593,1593.0
2,1594,1594.0
2,1595,1595.0
2,1596,1596.0
2,1597,1796.625
2,1598,1598.0
2,1599,1599.0
2,1600,1800.0
2,1601,1921.2
2,1602,1602.0
2,1603,1603.0
2,1604,1604.0
2,1605,1605.0
2,1606,1606.0
2,1607,1607.0
2,1608,1608.0
2,1609,1609.0
2,1610,1610.0
2,1611,1611.0
2,1612,1612.0
2,1613,1613.0
2,1614,1614.0
2,1615,1615.0
2,1616,1616.0
2,1617,1617.0
2,1618,1820.25
2,1619,1619.0
2,1620,1620.0
2,1621,1621.0
2,1622,1622.0
2,1623,1623.0
2,1624,1624.0
2,1625,1805.55555556
2,1626,1626.0
2,1627,1627.0
2,1628,1628.0
2,1629,1629.0
2,1630,1630.0
2,1631,1631.0
2,1632,1632.0
2,1633,1633.0
2,1634,1634.0
2,1635,1635.0
2,1636,1636.0
2,1637,1637.0
2,1638,1638.0
2,1639,1639.0
2,1640,1640.0
2,1641,1641.0
2,1642,1642.0
2,1643,1643.0
2,1644,1644.0
2,1645,1645.0
2,1646,1646.0
2,1647,1647.0
2,1648,1648.0
2,1649,1649.0
2,1650,1650.0
2,1651,1651.0
2,1652,1652.0
2,1653,1653.0
2,1654,1654.0
2,1655,1655.0
2,1656,1656.0
2,1657,1657.0
2,1658,1658.0
2,1659,1659.0
2,1660,1660.0
2,1661,1661.0
2,1662,1662.0
2,1663,1663.0
2,1664,1664.0
2,1665,1665.0
2,1666,1666.0
2,1667,1667.0
2,1668,1668.0
2,1669,1669.0
2,1670,1670.0
2,1671,1671.0
2,1672,1672.0
2,1673,1673.0
2,1674,1674.0
2,1675,1675.0
2,1676,1676.0
2,1677,1677.0
2,1678,1678.0
2,1679,1679.0
2,1680,1680.0
2,1681,1681.0
2,1682,1682.0
2,1683,1683.0
2,1684,1684.0
2,1685,1685.0
2,1686,1686.0
2,1687,2024.4
2,1688,1688.0
2,1689,1689.0
2,1690,1690.0
2,1691,1691.0
2,1692,1692.0
2,1693,1693.0
2,1694,1694.0
2,1695,1695.0
2,1696,1696.0
2,1697,1697.0
2,1698,1698.0
2,1699,1699.0
2,1700,1700.0
2,1701,1701.0
2,1702,1702.0
2,1703,1703.0
2,1704,1704.0
2,1705,1705.0
2,1706,1706.0
2,1707,1707.0
2,1708,1952.0
2,1709,1709.0
2,1710,1710.0
2,1711,1711.0
2,1712,1902.22222222
2,1713,2055.6
2,1714,1714.0
2,1715,1715.0
2,1716,1716.0
2,1717,1717.0
2,1718,1718.0
2,1719,1719.0
2,1720,1720.0
2,1721,1721.0
2,1722,1722.0
2,1723,1723.0
2,1724,1724.0
2,1725,1725.0
2,1726,1726.0
2,1727,1727.0
2,1728,1728.0
2,1729,1729.0
2,1730,1730.0
2,1731,1731.0
2,1732,1732.0
2,1733,1733.0
2,1734,1734.0
2,1735,1735.0
2,1736,1736.0
2,1737,1737.0
2,1738,1738.0
2,1739,1739.0
2,1740,1740.0
2,1741,1741.0
2,1742,2177.5
2,1743,1743.0
2,1744,1744.0
2,1745,1745.0
2,1746,1746.0
2,1747,1747.0
2,1749,1749.0
2,1750,1750.0
2,1751,1751.0
2,1752,1752.0
2,1753,2337.33333333
2,1754,1754.0
2,1755,1755.0
2,1756,1756.0
2,1757,1757.0
2,1758,2197.5
2,1759,1759.0
2,1760,1760.0
2,1761,1761.0
2,1762,1762.0
2,1763,1763.0
2,1764,1764.0
2,1765,1765.0
2,1766,1766.0
2,1767,1767.0
2,1769,1769.0
2,1770,1770.0
2,1771,1771.0
2,1772,1772.0
2,1773,1773.0
2,1774,1774.0
2,1775,1775.0
2,1776,1776.0
2,1777,2221.25
2,1778,1778.0
2,1779,1779.0
2,1780,1780.0
2,1781,1781.0
2,1782,1782.0
2,1783,1783.0
2,1784,1784.0
2,1785,1785.0
2,1786,1786.0
2,1787,1787.0
2,1788,1788.0
2,1789,1789.0
2,1790,1790.0
2,1791,1791.0
2,1792,1792.0
2,1793,1793.0
2,1794,1794.0
2,1795,1795.0
2,1796,1796.0
2,1797,1797.0
2,1798,1798.0
2,1799,1799.0
2,1800,1800.0
2,1801,1801.0
2,1802,1802.0
2,1803,1803.0
2,1804,1804.0
2,1806,1806.0
2,1808,1808.0
2,1809,1809.0
2,1810,1810.0
2,1811,1811.0
2,1812,1812.0
2,1814,1814.0
2,1815,1815.0
2,1816,1816.0
2,1817,1817.0
2,1818,1818.0
2,1819,1819.0
2,1820,1820.0
2,1821,1821.0
2,1822,1822.0
2,1824,1824.0
2,1825,1825.0
2,1826,1826.0
2,1827,1827.0
2,1828,1828.0
2,1829,1829.0
2,1830,1830.0
2,1831,1831.0
2,1832,1832.0
2,1833,1833.0
2,1834,1834.0
2,1835,1835.0
2,1836,1836.0
2,1837,1837.0
2,1838,1838.0
2,1839,1839.0
2,1842,1842.0
2,1843,1843.0
2,1844,1844.0
2,1845,1845.0
2,1846,1846.0
2,1847,2462.66666667
2,1848,1848.0
2,1849,1849.0
2,1850,1850.0
2,1851,1851.0
2,1852,1852.0
2,1853,1853.0
2,1854,1854.0
2,1855,1855.0
2,1856,1856.0
2,1857,1857.0
2,1858,1858.0
2,1859,1859.0
2,1861,1861.0
2,1862,1862.0
2,1863,1863.0
2,1864,1864.0
2,1865,1865.0
2,1866,1866.0
2,1867,1867.0
2,1868,1868.0
2,1869,1869.0
2,1871,1871.0
2,1872,1872.0
2,1873,1873.0
2,1875,1875.0
2,1876,1876.0
2,1877,1877.0
2,1878,1878.0
2,1879,1879.0
2,1880,1880.0
2,1881,1881.0
2,1882,1882.0
2,1883,1883.0
2,1884,1884.0
2,1886,1886.0
2,1887,1887.0
2,1888,1888.0
2,1889,1889.0
2,1890,1890.0
2,1891,1891.0
2,1892,1892.0
2,1893,1893.0
2,1894,2525.33333333
2,1895,1895.0
2,1896,1896.0
2,1897,1897.0
2,1898,1898.0
2,1899,1899.0
2,1900,1900.0
2,1901,1901.0
2,1902,1902.0
2,1903,1903.0
2,1904,1904.0
2,1905,1905.0
2,1907,1907.0
2,1908,1908.0
2,1909,1909.0
2,1911,1911.0
2,1913,1913.0
2,1914,1914.0
2,1915,1915.0
2,1916,1916.0
2,1917,1917.0
2,1918,1918.0
2,1919,1919.0
2,1920,1920.0
2,1921,2305.2
2,1922,1922.0
2,1923,1923.0
2,1924,2405.0
2,1925,1925.0
2,1926,1926.0
2,1927,1927.0
2,1928,1928.0
2,1929,1929.0
2,1930,1930.0
2,1931,1931.0
2,1932,2576.0
2,1933,1933.0
2,1934,1934.0
2,1936,1936.0
2,1937,1937.0
2,1938,1938.0
2,1940,1940.0
2,1941,1941.0
2,1942,1942.0
2,1943,1943.0
2,1944,1944.0
2,1945,1945.0
2,1946,1946.0
2,1947,1947.0
2,1948,1948.0
2,1949,1949.0
2,1950,1950.0
2,1951,1951.0
2,1952,1952.0
2,1953,1953.0
2,1954,1954.0
2,1955,1955.0
2,1956,1956.0
2,1957,1957.0
2,1958,1958.0
2,1959,1959.0
2,1960,1960.0
2,1961,1961.0
2,1962,1962.0
2,1963,1963.0
2,1964,1964.0
2,1965,1965.0
2,1966,1966.0
2,1967,1967.0
2,1968,1968.0
2,1969,1969.0
2,1970,1970.0
2,1971,1971.0
2,1972,1972.0
2,1973,1973.0
2,1974,1974.0
2,1975,1975.0
2,1976,1976.0
2,1977,1977.0
2,1978,1978.0
2,1979,1979.0
2,1980,1980.0
2,1981,1981.0
2,1982,1982.0
2,1984,1984.0
2,1985,1985.0
2,1986,1986.0
2,1987,1987.0
2,1988,1988.0
2,1989,1989.0
2,1990,1990.0
2,1991,1991.0
2,1992,1992.0
2,1993,1993.0
2,1994,1994.0
2,1995,1995.0
2,1996,2328.66666667
2,1997,1997.0
2,1998,1998.0
2,1999,1999.0
2,2000,2000.0
2,2001,2001.0
2,2002,2002.0
2,2003,2003.0
2,2004,2004.0
2,2005,2005.0
2,2007,2007.0
2,2008,2008.0
2,2010,2010.0
2,2012,2012.0
2,2013,2013.0
2,2014,2014.0
2,2016,2016.0
2,2017,2017.0
2,2018,2018.0
2,2019,2019.0
2,2020,2020.0
2,2021,2021.0
2,2022,2022.0
2,2023,2023.0
2,2024,2024.0
2,2025,2025.0
2,2026,2026.0
2,2027,2027.0
2,2028,2028.0
2,2029,2029.0
2,2030,2030.0
2,2031,2031.0
2,2032,2032.0
2,2033,2033.0
2,2034,2034.0
2,2035,2035.0
2,2036,2036.0
2,2037,2037.0
2,2038,2038.0
2,2039,2039.0
2,2040,2040.0
2,2041,2041.0
2,2042,2042.0
2,2043,2043.0
2,2044,2044.0
2,2045,2045.0
2,2046,2046.0
2,2047,2047.0
2,2048,2048.0
2,2049,2049.0
2,2050,2050.0
2,2051,2051.0
2,2052,2052.0
2,2053,2053.0
2,2054,2054.0
2,2056,2056.0
2,2057,2057.0
2,2058,2058.0
2,2059,2059.0
2,2060,2060.0
2,2061,2061.0
2,2062,2062.0
2,2063,2063.0
2,2064,2064.0
2,2065,2065.0
2,2066,2066.0
2,2067,2067.0
2,2068,2068.0
2,2069,2069.0
2,2070,2070.0
2,2071,2071.0
2,2072,2072.0
2,2073,2073.0
2,2074,2765.33333333
2,2075,2075.0
2,2076,2076.0
2,2077,2077.0
2,2078,2078.0
2,2079,2079.0
2,2080,2080.0
2,2081,2081.0
2,2082,2082.0
2,2083,2083.0
2,2084,2084.0
2,2085,2085.0
2,2086,2086.0
2,2087,2087.0
2,2088,2088.0
2,2089,2089.0
2,2090,2090.0
2,2092,2092.0
2,2093,2093.0
2,2094,2094.0
2,2095,2095.0
2,2096,2794.66666667
2,2097,2097.0
2,2098,2098.0
2,2099,2099.0
2,2100,2625.0
2,2101,2101.0
2,2102,2102.0
2,2103,2103.0
2,2104,2104.0
2,2105,2105.0
2,2106,2106.0
2,2107,2107.0
2,2108,2108.0
2,2109,3163.5
2,2110,2110.0
2,2111,2111.0
2,2112,2112.0
2,2113,2113.0
2,2114,2114.0
2,2115,2115.0
2,2116,2116.0
2,2117,2117.0
2,2118,2118.0
2,2119,2119.0
2,2120,2120.0
2,2121,2121.0
2,2122,2122.0
2,2123,2123.0
2,2124,2124.0
2,2125,2125.0
2,2126,2126.0
2,2127,2127.0
2,2128,2128.0
2,2129,2129.0
2,2131,2131.0
2,2132,2132.0
2,2133,2133.0
2,2134,2134.0
2,2135,2135.0
2,2136,2136.0
2,2137,2137.0
2,2138,2138.0
2,2139,2139.0
2,2140,2140.0
2,2141,2141.0
2,2142,2142.0
2,2143,2143.0
2,2144,2144.0
2,2145,2145.0
2,2146,2146.0
2,2147,2147.0
2,2148,2148.0
2,2149,2149.0
2,2150,2150.0
2,2151,2151.0
2,2152,2152.0
2,2153,2153.0
2,2154,2154.0
2,2155,2155.0
2,2156,2156.0
2,2157,2157.0
2,2158,2158.0
2,2159,2159.0
2,2160,2160.0
2,2161,2161.0
2,2162,2162.0
2,2163,2163.0
2,2164,2164.0
2,2165,2165.0
2,2166,2166.0
2,2167,2167.0
2,2168,2168.0
2,2169,2169.0
2,2170,2170.0
2,2171,2171.0
2,2172,2172.0
2,2173,2173.0
2,2174,2174.0
2,2175,2718.75
2,2176,2176.0
2,2177,2177.0
2,2178,2178.0
2,2180,2180.0
2,2182,2182.0
2,2183,2183.0
2,2184,2184.0
2,2185,2185.0
2,2186,2186.0
2,2187,2187.0
2,2188,2188.0
2,2189,2189.0
2,2190,2628.0
2,2192,2192.0
2,2193,2193.0
2,2194,2194.0
2,2195,2195.0
2,2196,2196.0
2,2197,2197.0
2,2198,2198.0
2,2199,2199.0
2,2200,2200.0
2,2201,2201.0
2,2202,2202.0
2,2204,2204.0
2,2205,2205.0
2,2206,2206.0
2,2207,2207.0
2,2208,2208.0
2,2209,2209.0
2,2210,2210.0
2,2211,2211.0
2,2212,2212.0
2,2213,2213.0
2,2214,3321.0
2,2215,2215.0
2,2216,2216.0
2,2217,2217.0
2,2218,2218.0
2,2220,3330.0
2,2221,2221.0
2,2222,2222.0
2,2223,2223.0
2,2226,2226.0
2,2227,2227.0
2,2228,2228.0
2,2229,2229.0
2,2230,2230.0
2,2231,2231.0
2,2232,2232.0
2,2233,2233.0
2,2234,2234.0
2,2235,2235.0
2,2236,2236.0
2,2237,2237.0
2,2238,2238.0
2,2239,2239.0
2,2240,2240.0
2,2242,2242.0
2,2243,2243.0
2,2244,2244.0
2,2245,2245.0
2,2246,2246.0
2,2247,2247.0
2,2249,2249.0
2,2250,2250.0
2,2252,2252.0
2,2253,2253.0
2,2254,2254.0
2,2255,2255.0
2,2256,2256.0
2,2257,2257.0
2,2258,2258.0
2,2259,2259.0
2,2260,2260.0
2,2261,2261.0
2,2263,2263.0
2,2264,2264.0
2,2265,2265.0
2,2266,2266.0
2,2267,2267.0
2,2268,2268.0
2,2269,2269.0
2,2273,2273.0
2,2274,2274.0
2,2275,2275.0
2,2276,2276.0
2,2278,2278.0
2,2279,2279.0
2,2280,2280.0
2,2282,2282.0
2,2283,2283.0
2,2284,2284.0
2,2285,2285.0
2,2286,2286.0
2,2287,2287.0
2,2288,2288.0
2,2289,2289.0
2,2290,2290.0
2,2291,2291.0
2,2293,2293.0
2,2294,2294.0
2,2295,2295.0
2,2296,2296.0
2,2297,2297.0
2,2298,2298.0
2,2301,2301.0
2,2302,2302.0
2,2303,2303.0
2,2304,2304.0
2,2305,2305.0
2,2306,2306.0
2,2308,2308.0
2,2309,2309.0
2,2310,2310.0
2,2311,2311.0
2,2312,2312.0
2,2313,2313.0
2,2314,2314.0
2,2315,2315.0
2,2320,2320.0
2,2322,2322.0
2,2323,2323.0
2,2324,2324.0
2,2325,2325.0
2,2328,2328.0
2,2329,2329.0
2,2331,2331.0
2,2332,2332.0
2,2333,2333.0
2,2334,2334.0
2,2335,2335.0
2,2336,2336.0
2,2338,2338.0
2,2339,2339.0
2,2340,2340.0
2,2341,2341.0
2,2342,2342.0
2,2343,2343.0
2,2345,2345.0
2,2346,2346.0
2,2347,2347.0
2,2348,2348.0
2,2349,2349.0
2,2350,2350.0
2,2351,2351.0
2,2352,2352.0
2,2354,2354.0
2,2356,2356.0
2,2357,2357.0
2,2359,2359.0
2,2360,2360.0
2,2361,2361.0
2,2362,2362.0
2,2363,2363.0
2,2364,2364.0
2,2366,2366.0
2,2368,2368.0
2,2369,2369.0
2,2370,2370.0
2,2371,2371.0
2,2372,2372.0
2,2373,2373.0
2,2374,2374.0
2,2375,2375.0
2,2376,2376.0
2,2377,2377.0
2,2379,2379.0
2,2380,2380.0
2,2381,2381.0
2,2382,2382.0
2,2383,2383.0
2,2384,2384.0
2,2385,2385.0
2,2386,2386.0
2,2387,2387.0
2,2388,2388.0
2,2389,2389.0
2,2390,2390.0
2,2391,2391.0
2,2393,2393.0
2,2394,2394.0
2,2395,2395.0
2,2396,2396.0
2,2398,2398.0
2,2399,2998.75
2,2400,2400.0
2,2401,2401.0
2,2402,2402.0
2,2403,2403.0
2,2404,2404.0
2,2405,2405.0
2,2406,2406.0
2,2408,2408.0
2,2409,2409.0
2,2410,2410.0
2,2411,2411.0
2,2412,2412.0
2,2413,2413.0
2,2414,2414.0
2,2416,2416.0
2,2418,2418.0
2,2419,2419.0
2,2420,2420.0
2,2422,2422.0
2,2423,2423.0
2,2424,2424.0
2,2426,2426.0
2,2427,2427.0
2,2428,2428.0
2,2429,2429.0
2,2430,2430.0
2,2431,2431.0
2,2432,2432.0
2,2433,2433.0
2,2434,2434.0
2,2435,2435.0
2,2436,2436.0
2,2437,2437.0
2,2438,2438.0
2,2439,2439.0
2,2441,2441.0
2,2445,2445.0
2,2447,2447.0
2,2448,2448.0
2,2450,2450.0
2,2451,2451.0
2,2452,2452.0
2,2453,2453.0
2,2454,2454.0
2,2456,2456.0
2,2458,2458.0
2,2462,2462.0
2,2465,2465.0
2,2470,2470.0
2,2471,2471.0
2,2473,2473.0
2,2475,2475.0
2,2476,2476.0
2,2477,2477.0
2,2482,2482.0
2,2483,2483.0
2,2484,2484.0
2,2486,2486.0
2,2488,2488.0
2,2489,2489.0
2,2490,2490.0
2,2492,2492.0
2,2493,2493.0
2,2494,2494.0
2,2495,2495.0
2,2496,2496.0
2,2497,2497.0
2,2498,2498.0
2,2500,2500.0
2,2501,2501.0
2,2503,2503.0
2,2504,2504.0
2,2507,2507.0
2,2508,2508.0
2,2509,2509.0
2,2510,2510.0
2,2511,2511.0
2,2512,2512.0
2,2513,2513.0
2,2515,2515.0
2,2517,2517.0
2,2519,2519.0
2,2520,2520.0
2,2521,2521.0
2,2522,2522.0
2,2525,2525.0
2,2526,2526.0
2,2527,2527.0
2,2528,2528.0
2,2530,2530.0
2,2533,2533.0
2,2534,2534.0
2,2535,2535.0
2,2537,2537.0
2,2539,2539.0
2,2541,2541.0
2,2547,2547.0
2,2551,2551.0
2,2555,2555.0
2,2558,2558.0
2,2559,2559.0
2,2560,2560.0
2,2562,2562.0
2,2564,2564.0
2,2565,2565.0
2,2566,2566.0
2,2567,2567.0
2,2570,2570.0
2,2572,2572.0
2,2573,2573.0
2,2574,2574.0
2,2576,2576.0
2,2578,3867.0
2,2579,2579.0
2,2584,2584.0
2,2587,2587.0
2,2590,2590.0
2,2592,2592.0
2,2593,2593.0
2,2595,2595.0
2,2597,2597.0
2,2600,2600.0
2,2601,2601.0
2,2602,2602.0
2,2606,2606.0
2,2610,2610.0
2,2611,2611.0
2,2612,2612.0
2,2614,2614.0
2,2628,2628.0
2,2630,2630.0
2,2634,2634.0
2,2635,2635.0
2,2640,2640.0
2,2644,2644.0
2,2645,2645.0
2,2646,2646.0
2,2648,2648.0
2,2650,2650.0
2,2652,2652.0
2,2654,2654.0
2,2657,2657.0
2,2661,2661.0
2,2662,2662.0
2,2664,2664.0
2,2665,2665.0
2,2666,2666.0
2,2668,2668.0
2,2673,2673.0
2,2675,2675.0
2,2676,2676.0
2,2677,2677.0
2,2683,2683.0
2,2684,2684.0
2,2690,2690.0
2,2693,2693.0
2,2695,2695.0
2,2700,2700.0
2,2701,2701.0
2,2703,2703.0
2,2704,2704.0
2,2707,2707.0
2,2709,2709.0
2,2710,2710.0
2,2711,2711.0
2,2712,2712.0
2,2713,2713.0
2,2714,2714.0
2,2716,2716.0
2,2723,2723.0
2,2726,2726.0
2,2727,2727.0
2,2729,2729.0
2,2730,2730.0
2,2733,2733.0
2,2735,2735.0
2,2738,2738.0
2,2739,2739.0
2,2741,2741.0
2,2742,2742.0
2,2745,2745.0
2,2750,2750.0
2,2751,2751.0
2,2752,2752.0
2,2753,2753.0
2,2754,2754.0
2,2756,2756.0
2,2759,2759.0
2,2763,2763.0
2,2766,2766.0
2,2769,2769.0
2,2770,2770.0
2,2771,2771.0
2,2774,2774.0
2,2778,2778.0
2,2780,2780.0
2,2781,2781.0
2,2782,2782.0
2,2783,2783.0
2,2785,2785.0
2,2789,2789.0
2,2792,2792.0
2,2796,2796.0
2,2802,2802.0
2,2806,2806.0
2,2807,2807.0
2,2808,2808.0
2,2809,2809.0
2,2814,2814.0
2,2817,2817.0
2,2820,2820.0
2,2825,2825.0
2,2828,2828.0
2,2830,2830.0
2,2833,2833.0
2,2842,2842.0
2,2844,2844.0
2,2846,2846.0
2,2847,2847.0
2,2848,2848.0
2,2853,2853.0
2,2856,2856.0
2,2857,2857.0
2,2862,2862.0
2,2863,2863.0
2,2876,2876.0
2,2884,2884.0
2,2893,2893.0
2,2910,2910.0
2,2919,2919.0
2,2920,2920.0
2,2924,2924.0
2,2927,2927.0
2,2946,2946.0
2,2955,2955.0
2,2957,2957.0
2,2958,2958.0
2,2968,2968.0
2,2974,2974.0
2,2975,2975.0
2,2976,2976.0
2,2977,2977.0
2,2978,2978.0
2,2982,2982.0
2,2983,2983.0
2,2986,2986.0
2,2987,2987.0
2,2996,2996.0
2,2997,2997.0
2,2998,2998.0
2,3015,3015.0
2,3021,3021.0
2,3025,3025.0
2,3028,3028.0
2,3038,3038.0
2,3048,3048.0
2,3076,3076.0
2,3083,3083.0
2,3090,3090.0
2,3095,3095.0
2,3100,3100.0
2,3101,3101.0
2,3106,3106.0
2,3108,3108.0
2,3115,3115.0
2,3121,3121.0
2,3133,3133.0
2,3138,3138.0
2,3141,3141.0
2,3144,3144.0
2,3170,3170.0
2,3171,3171.0
2,3179,3179.0
2,3189,3189.0
2,3195,3195.0
2,3220,3220.0
2,3267,3267.0
2,3272,3272.0
2,3274,3274.0
2,3283,3283.0
2,3290,3290.0
2,3294,3294.0
2,3298,3298.0
2,3313,3313.0
2,3317,3317.0
2,3324,3324.0
2,3338,3338.0
2,3343,3343.0
2,3345,3345.0
2,3347,3347.0
2,3358,3358.0
2,3359,3359.0
2,3379,3379.0
2,3386,3386.0
2,3390,3390.0
2,3393,3393.0
2,3395,3395.0
2,3404,3404.0
2,3413,3413.0
2,3446,3446.0
2,3461,3461.0
2,3466,3466.0
2,3468,3468.0
2,3474,3474.0
2,3484,3484.0
2,3498,3498.0
2,3501,3501.0
2,3503,3503.0
2,3514,3514.0
2,3518,3518.0
2,3520,3520.0
2,3530,3530.0
2,3543,3543.0
2,3563,3563.0
2,3586,3586.0
2,3606,3606.0
2,3641,3641.0
2,3654,3654.0
2,3665,3665.0
2,3674,3674.0
2,3675,3675.0
2,3766,3766.0
2,3829,3829.0
2,3835,3835.0
2,3876,3876.0
2,3895,3895.0
2,3902,3902.0
2,3909,3909.0
2,3910,3910.0
2,3930,3930.0
2,3938,3938.0
2,3964,3964.0
2,3968,3968.0
2,3994,3994.0
2,4004,4004.0
2,4010,4010.0
2,4037,4037.0
2,4041,4041.0
2,4048,4048.0
2,4086,4086.0
2,4092,4092.0
2,4096,4096.0
2,4110,4110.0
2,4124,4124.0
2,4130,4130.0
2,4137,4137.0
2,4140,4140.0
2,4142,4142.0
2,4153,4153.0
2,4156,4156.0
2,4157,4157.0
2,4158,4158.0
2,4162,4162.0
2,4172,4172.0
2,4174,4174.0
2,4180,4180.0
2,4187,4187.0
2,4193,4193.0
2,4194,4194.0
2,4198,4198.0
2,4205,4205.0
2,4211,4211.0
2,4218,4218.0
2,4220,4220.0
2,4223,4223.0
2,4229,4229.0
2,4235,4235.0
2,4250,4250.0
2,4252,4252.0
2,4254,4254.0
2,4256,4256.0
2,4259,4259.0
2,4264,4264.0
2,4273,4273.0
2,4277,4277.0
2,4278,4278.0
2,4283,4283.0
2,4287,4287.0
2,4289,4289.0
2,4291,4291.0
2,4294,4294.0
2,4296,4296.0
2,4297,4297.0
2,4300,4300.0
2,4301,4301.0
2,4302,4302.0
2,4303,4303.0
2,4305,4305.0
2,4307,4307.0
2,4313,4313.0
2,4316,4316.0
2,4322,4322.0
2,4324,4324.0
2,4327,4327.0
2,4329,4329.0
2,4336,4336.0
2,4340,4340.0
2,4346,4346.0
2,4349,4349.0
2,4350,4350.0
2,4354,4354.0
2,4357,4357.0
2,4361,4361.0
2,4363,4363.0
2,4364,4364.0
2,4366,4366.0
2,4372,4372.0
2,4376,4376.0
2,4383,4383.0
2,4385,4385.0
2,4391,4391.0
2,4394,4394.0
2,4396,4396.0
2,4397,4397.0
2,4398,4398.0
2,4404,4404.0
2,4408,4408.0
2,4412,4412.0
2,4413,4413.0
2,4417,4417.0
2,4418,4418.0
2,4419,4419.0
2,4421,4421.0
2,4425,4425.0
2,4429,4429.0
2,4430,4430.0
2,4431,4431.0
2,4434,4434.0
2,4436,4436.0
2,4437,4437.0
2,4442,4442.0
2,4443,4443.0
2,4450,4450.0
2,4452,4452.0
2,4457,4457.0
2,4459,4459.0
2,4461,4461.0
2,4463,4463.0
2,4473,4473.0
2,4489,4489.0
2,4492,4492.0
2,4495,4495.0
2,4500,4500.0
2,4502,4502.0
2,4505,4505.0
2,4508,4508.0
2,4512,4512.0
2,4514,4514.0
2,4516,4516.0
2,4518,4518.0
2,4522,4522.0
2,4530,4530.0
2,4531,4531.0
2,4532,4532.0
2,4533,4533.0
2,4535,4535.0
2,4536,4536.0
2,4540,4540.0
2,4542,4542.0
2,4547,4547.0
2,4559,4559.0
2,4561,4561.0
2,4562,4562.0
2,4565,4565.0
2,4571,4571.0
2,4573,4573.0
2,4577,4577.0
2,4579,4579.0
2,4593,4593.0
2,4604,4604.0
2,4609,4609.0
2,4618,4618.0
2,4620,4620.0
2,4627,4627.0
2,4645,4645.0
2,4671,4671.0
2,4682,4682.0
2,4684,4684.0
2,4687,4687.0
2,4688,4688.0
2,4712,4712.0
2,4717,4717.0
2,4757,4757.0
2,4758,4758.0
2,4768,4768.0
2,4775,4775.0
2,4807,4807.0
2,4852,4852.0
2,4861,4861.0
2,4886,4886.0
2,4887,4887.0
2,4893,4893.0
2,4908,4908.0
2,4989,4989.0
2,5008,5008.0
2,5083,5083.0
2,5259,5259.0
2,5340,5340.0
2,5388,5388.0
2,5414,5414.0
2,5503,5503.0
2,5579,5579.0
2,5635,5635.0
2,5758,5758.0
2,6213,6213.0
2,6219,6219.0
2,6320,6320.0
2,6365,6365.0
2,6402,6402.0
2,6427,6427.0
2,6449,6449.0
2,6532,6532.0
2,6545,6545.0
2,6589,6589.0
2,6599,6599.0
2,6716,6716.0
2,6763,6763.0
2,6830,6830.0
2,6969,6969.0
2,6973,6973.0
2,6976,6976.0
2,7041,7041.0
2,7051,7051.0
2,7086,7086.0
2,7123,7123.0
2,7237,7237.0
2,7261,7261.0
2,7314,7314.0
2,7378,7378.0
2,7399,7399.0
2,7477,7477.0
2,7498,7498.0
2,7568,7568.0
2,7594,7594.0
2,7676,7676.0
2,7706,7706.0
2,7813,7813.0
2,7849,7849.0
2,7884,7884.0
2,7910,7910.0
2,7913,7913.0
2,7916,7916.0
2,7955,7955.0
2,7995,7995.0
2,8057,8057.0
2,8245,8245.0
2,8260,8260.0
2,8340,8340.0
2,8374,8374.0
2,8408,8408.0
2,8440,8440.0
2,8478,8478.0
2,8485,8485.0
2,8519,8519.0
2,8530,8530.0
2,8560,8560.0
2,8564,8564.0
2,8575,8575.0
2,8594,8594.0
2,8620,8620.0
2,8621,8621.0
2,8679,8679.0
2,8737,8737.0
2,8743,8743.0
2,8755,8755.0
2,8783,8783.0
2,8784,8784.0
2,8815,8815.0
2,8819,8819.0
2,8885,8885.0
2,8919,8919.0
2,8923,8923.0
2,8932,8932.0
2,8935,8935.0
2,8952,8952.0
2,8976,8976.0
2,8998,8998.0
2,9038,9038.0
2,9091,9091.0
2,9181,9181.0
2,9246,9246.0
2,9268,9268.0
2,9314,9314.0
2,9327,9327.0
2,9343,9343.0
2,9371,9371.0
2,9493,9493.0
2,9494,9494.0
3,1,142.211267606
3,2,1277.04225352
3,3,1491.14788732
3,4,1592.11267606
3,5,1844.04929577
3,6,1996.64788732
3,7,2076.78169014
3,8,2066.36619718
3,9,2054.47183099
3,10,1945.07042254
3,11,1844.04929577
3,12,1762.47887324
3,13,1778.52816901
3,14,1736.78873239
3,15,1440.95070423
3,16,1454.53521127
3,17,1324.08450704
3,18,1195.35211268
3,19,1190.97887324
3,20,1106.33802817
3,21,1015.09859155
3,22,935.464788732
3,23,911.901408451
3,24,837.633802817
3,25,749.11971831
3,26,781.464788732
3,27,752.197183099
3,28,639.661971831
3,29,586.73943662
3,30,658.732394366
3,31,554.288732394
3,32,517.633802817
3,33,511.5
3,34,530.352112676
3,35,468.556338028
3,36,460.394366197
3,37,413.514084507
3,38,403.549295775
3,39,424.330985915
3,40,349.577464789
3,41,324.823943662
3,42,301.098591549
3,43,302.514084507
3,44,293.746478873
3,45,250.669014085
3,46,242.957746479
3,47,252.873239437
3,48,232.510638298
3,49,209.205673759
3,50,218.439716312
3,51,205.847826087
3,52,198.298507463
3,53,185.5
3,54,189.391304348
3,55,178.649635036
3,56,168.0
3,57,187.164179104
3,58,179.626865672
3,59,166.31496063
3,60,161.503759398
3,61,149.1640625
3,62,147.619047619
3,63,144.43902439
3,64,118.285714286
3,65,144.444444444
3,66,125.517857143
3,67,127.909090909
3,68,136.0
3,69,148.128440367
3,70,135.254237288
3,71,129.711538462
3,72,116.198019802
3,73,117.345794393
3,74,142.02020202
3,75,119.680851064
3,76,120.747663551
3,77,128.91011236
3,78,113.195121951
3,79,115.114285714
3,80,121.111111111
3,81,110.907692308
3,82,126.059701493
3,83,118.169491525
3,84,113.272727273
3,85,110.14084507
3,86,111.688311688
3,87,105.642857143
3,88,112.129032258
3,89,116.152542373
3,90,115.93220339
3,91,120.810344828
3,92,129.968253968
3,93,118.833333333
3,94,110.785714286
3,95,111.170212766
3,96,114.382978723
3,97,111.109090909
3,98,117.962962963
3,99,112.2
3,100,121.951219512
3,101,126.25
3,102,109.846153846
3,103,124.848484848
3,104,110.5
3,105,127.340425532
3,106,142.04
3,107,135.660714286
3,108,129.214285714
3,109,135.16
3,110,125.0
3,111,143.487804878
3,112,141.217391304
3,113,126.696969697
3,114,133.542857143
3,115,126.219512195
3,116,138.307692308
3,117,124.548387097
3,118,129.0625
3,119,130.516129032
3,120,139.35483871
3,121,126.5
3,122,136.787878788
3,123,135.3
3,124,133.185185185
3,125,125.0
3,126,129.9375
3,127,148.166666667
3,128,156.903225806
3,129,147.428571429
3,130,149.117647059
3,131,146.878787879
3,132,143.0
3,133,153.461538462
3,134,154.9375
3,135,154.852941176
3,136,155.428571429
3,137,147.538461538
3,138,143.75
3,139,152.238095238
3,140,162.4
3,141,146.64
3,142,158.384615385
3,143,169.481481481
3,144,169.714285714
3,145,167.65625
3,146,156.428571429
3,147,155.166666667
3,148,152.352941176
3,149,175.294117647
3,150,174.193548387
3,151,156.392857143
3,152,164.16
3,153,174.103448276
3,154,174.086956522
3,155,159.84375
3,156,174.352941176
3,157,171.952380952
3,158,158.0
3,159,227.142857143
3,160,174.545454545
3,161,181.125
3,162,162.0
3,163,163.0
3,164,174.25
3,165,165.0
3,166,181.090909091
3,167,197.363636364
3,168,177.882352941
3,169,169.0
3,170,170.0
3,171,171.0
3,172,172.0
3,173,173.0
3,174,174.0
3,175,233.333333333
3,176,176.0
3,177,177.0
3,178,213.6
3,179,179.0
3,180,190.0
3,181,199.1
3,182,182.0
3,183,183.0
3,184,210.285714286
3,185,205.555555556
3,186,186.0
3,187,187.0
3,188,188.0
3,189,189.0
3,190,190.0
3,191,191.0
3,192,192.0
3,193,193.0
3,194,194.0
3,195,195.0
3,196,252.0
3,197,197.0
3,198,217.8
3,199,199.0
3,200,200.0
3,201,201.0
3,202,227.25
3,203,223.3
3,204,204.0
3,205,205.0
3,206,206.0
3,207,207.0
3,208,208.0
3,209,278.666666667
3,210,210.0
3,211,211.0
3,212,212.0
3,213,213.0
3,214,214.0
3,215,215.0
3,216,216.0
3,217,217.0
3,218,218.0
3,219,219.0
3,220,220.0
3,221,221.0
3,222,222.0
3,223,223.0
3,224,224.0
3,225,225.0
3,226,226.0
3,228,228.0
3,229,229.0
3,230,230.0
3,231,231.0
3,232,232.0
3,233,233.0
3,234,234.0
3,236,236.0
3,237,237.0
3,238,238.0
3,239,239.0
3,241,241.0
3,242,242.0
3,244,244.0
3,246,246.0
3,247,247.0
3,249,249.0
3,250,250.0
3,251,251.0
3,252,252.0
3,254,254.0
3,256,256.0
3,257,257.0
3,258,258.0
3,260,260.0
3,261,261.0
3,262,262.0
3,263,263.0
3,265,265.0
3,266,266.0
3,268,268.0
3,269,269.0
3,270,270.0
3,273,273.0
3,274,274.0
3,276,276.0
3,278,278.0
3,279,279.0
3,280,280.0
3,282,282.0
3,283,283.0
3,284,284.0
3,285,285.0
3,294,294.0
3,297,297.0
3,301,301.0
3,303,303.0
3,305,305.0
3,306,306.0
3,307,307.0
3,308,308.0
3,310,310.0
3,312,312.0
3,313,313.0
3,314,314.0
3,316,316.0
3,317,317.0
3,318,318.0
3,319,319.0
3,321,321.0
3,322,322.0
3,324,324.0
3,325,325.0
3,326,326.0
3,328,328.0
3,331,331.0
3,333,333.0
3,334,334.0
3,335,335.0
3,336,336.0
3,337,337.0
3,338,338.0
3,339,339.0
3,341,341.0
3,342,342.0
3,343,343.0
3,345,345.0
3,346,346.0
3,349,349.0
3,352,352.0
3,354,354.0
3,355,355.0
3,356,356.0
3,357,357.0
3,358,358.0
3,362,362.0
3,364,364.0
3,366,366.0
3,381,381.0
3,389,389.0
3,391,391.0
3,395,395.0
3,396,396.0
3,408,408.0
